[
    {
        "name": "John",
        "lnam": "Doe",
        "coname": "SK tour",
        "contact": "55132.",
        "nid": "5456352",
        "email": "we@gmail.com",
        "password": "123456",
        "position": "manager",
        "Date": "275760-06-05"
    },
    {
        "name": "John",
        "lnam": "Doe",
        "coname": "SK tour",
        "contact": "55132.",
        "nid": "5456352",
        "email": "we@gmail.com",
        "password": "123456",
        "position": "manager",
        "Date": "275760-06-05"
    }
]