[
    {
        "name": "John",
        "lnam": "Doe",
        "coname": "SK tour",
        "contact": "55132.",
        "nid": "5456352",
        "email": "we@gmail.com",
        "password": "364535",
        "position": "manager",
        "Date": "3434-03-06"
    },
    {
        "name": "s",
        "lnam": "Doe",
        "coname": "SK tour",
        "contact": "55132.",
        "nid": "5456352",
        "email": "abc@gmail.com",
        "password": "123456",
        "position": "manager",
        "Date": "0054-05-04"
    }
]