[
    {
        "name": "John",
        "lnam": "Doe",
        "coname": "SK tour",
        "contact": "55132.",
        "nid": "5456352",
        "email": "ab@gmail.com",
        "password": "7410258",
        "position": "web developer",
        "Date": "0535-08-07"
    },
    {
        "name": "John",
        "lnam": "Doe",
        "coname": "RK Group",
        "contact": "55132.",
        "nid": "5456352",
        "email": "er@gmail.com",
        "password": "456789",
        "position": "web developer",
        "Date": "0625-05-06"
    },
    {
        "name": "John",
        "lnam": "Doe",
        "coname": "SK tour",
        "contact": "55132.",
        "nid": "5456352",
        "email": "we@gmail.com",
        "password": "12465",
        "position": "manager",
        "Date": "0515-02-06"
    },
    {
        "name": "John",
        "lnam": "Doe",
        "coname": "SK tour",
        "contact": "55132.",
        "nid": "65448",
        "email": "abc@gmail.com",
        "password": "456789",
        "position": "web developer",
        "Date": "2535-04-25"
    },
    {
        "name": "John",
        "lnam": "Doe",
        "coname": "SK tour",
        "contact": "55132.",
        "nid": "55132",
        "email": "we@gmail.com",
        "password": "456321",
        "position": "manager",
        "Date": "4242-02-05"
    },
    {
        "name": "mehedi",
        "lnam": "hasan",
        "coname": "JK Farm",
        "contact": "01478526",
        "nid": "55132",
        "email": "er@gmail.com",
        "password": "258963",
        "position": "manager",
        "Date": "5889-02-05"
    },
    {
        "name": "mehedi",
        "lnam": "hasan",
        "coname": "JK Farm",
        "contact": "01478526",
        "nid": "55132",
        "email": "er@gmail.com",
        "password": "258963",
        "position": "manager",
        "Date": "5889-02-05"
    },
    {
        "name": "alebaba",
        "lnam": "Hasan",
        "coname": "JK Farm",
        "contact": "017852369",
        "nid": "5689741233",
        "email": "abcd@gmail.com",
        "password": "147852",
        "position": "manager",
        "Date": "0005-06-06"
    },
    {
        "name": "alebaba",
        "lnam": "Hasan",
        "coname": "JK Farm",
        "contact": "017852369",
        "nid": "5689741233",
        "email": "abcd@gmail.com",
        "password": "147852",
        "position": "manager",
        "Date": "0535-06-06"
    },
    {
        "name": "mehedi",
        "lnam": "hasan",
        "coname": "JK Farm",
        "contact": "2589745",
        "nid": "123456789",
        "email": "we@gmail.com",
        "password": "5236987",
        "position": "manager",
        "Date": "0665-02-05"
    },
    {
        "name": "kal",
        "lnam": "ase",
        "coname": "SK tour",
        "contact": "5245",
        "nid": "5456352",
        "email": "er@gmail.com",
        "password": "5412369",
        "position": "web developer",
        "Date": "0062-09-08"
    },
    {
        "name": "hoole",
        "lnam": "khan",
        "coname": "SK tour",
        "contact": "01478526",
        "nid": "98741258963",
        "email": "ab@gmail.com",
        "password": "87412596",
        "position": "Other",
        "Date": "6665-05-05"
    },
    {
        "name": "kool",
        "lnam": "hasan",
        "coname": "JK Farm",
        "contact": "01478526",
        "nid": "5456352",
        "email": "we@gmail.com",
        "password": "85201478963",
        "position": "manager",
        "Date": "2612-05-05"
    },
    {
        "name": "John",
        "lnam": "hasan",
        "coname": "JK Farm",
        "contact": "55132.",
        "nid": "1245",
        "email": "we@gmail.com",
        "password": "3453543",
        "position": "manager",
        "Date": "0003-03-13"
    },
    {
        "name": "John",
        "lnam": "Doe",
        "coname": "SK tour",
        "contact": "55132.",
        "nid": "5456352",
        "email": "we@gmail.com",
        "password": "123456",
        "position": "manager",
        "Date": "0655-02-05"
    },
    {
        "name": "John",
        "lnam": "Doe",
        "coname": "SK tour",
        "contact": "55132.",
        "nid": "5456352",
        "email": "we@gmail.com",
        "password": "123456",
        "position": "manager",
        "Date": "4225-05-06"
    },
    {
        "name": "mehedi",
        "lnam": "Doe",
        "coname": "SK tour",
        "contact": "01478526",
        "nid": "55132",
        "email": "er@gmail.com",
        "password": "7412258",
        "position": "manager",
        "Date": "0665-05-06"
    },
    {
        "name": "John",
        "lnam": "hasan",
        "coname": "SK tour",
        "contact": "01478526559",
        "nid": "54563528741",
        "email": "er@gmail.com",
        "password": "4122365",
        "position": "manager",
        "Date": "0055-05-05"
    },
    {
        "name": "John",
        "lnam": "Doeee",
        "coname": "JK Farm",
        "contact": "55132.",
        "nid": "5456352",
        "email": "we@gmail.com",
        "password": "741258",
        "position": "manager",
        "Date": "0058-05-06"
    },
    {
        "name": "John",
        "lnam": "Doeee",
        "coname": "JK Farm",
        "contact": "55132.",
        "nid": "5456352",
        "email": "we@gmail.com",
        "password": "741258",
        "position": "manager",
        "Date": "0058-05-06"
    },
    {
        "name": "John",
        "lnam": "Doewqw",
        "coname": "SK tour",
        "contact": "01478526559",
        "nid": "54563528742",
        "email": "we@gmail.com",
        "password": "852147",
        "position": "manager",
        "Date": "0255-05-05"
    },
    {
        "name": "John",
        "lnam": "hasa",
        "coname": "JK Farm",
        "contact": "451369541232659",
        "nid": "845132659451",
        "email": "qw@gmail.com",
        "password": "7412589",
        "position": "manager",
        "Date": "65569-05-11"
    },
    {
        "name": "John",
        "lnam": "mehedi",
        "coname": "SK tour",
        "contact": "014785264515",
        "nid": "3654758555556",
        "email": "abc@gmail.com",
        "password": "123456",
        "position": "manager",
        "Date": "0088-05-06"
    },
    {
        "name": "John",
        "lnam": "mehedi",
        "coname": "SK tour",
        "contact": "55132.654548",
        "nid": "545635258988",
        "email": "we@gmail.com",
        "password": "123456",
        "position": "manager",
        "Date": "0058-05-05"
    },
    {
        "name": "John",
        "lnam": "hasan",
        "coname": "SK tour",
        "contact": "959625952635",
        "nid": "85214789631",
        "email": "we@gmail.com",
        "password": "123456",
        "position": "manager",
        "Date": "0988-05-06"
    },
    {
        "name": "dfsdf",
        "lnam": "hasan",
        "coname": "dcvcx  cx ",
        "contact": "014785265625",
        "nid": "54563528547",
        "email": "abc@gmail.com",
        "password": "7412589",
        "position": "manager",
        "Date": "0645-05-06"
    },
    {
        "name": "mehedi",
        "lnam": "Doe",
        "coname": "RK Group",
        "contact": "11561651564684",
        "nid": "151462348451515",
        "email": "ab@gmail.com",
        "password": "1456321",
        "position": "manager",
        "Date": "0455-04-08"
    },
    {
        "name": "bvc ",
        "lnam": "Doeee",
        "coname": "SK tour",
        "contact": "01478526555256",
        "nid": "365474848564",
        "email": "er@gmail.com",
        "password": "012325255",
        "position": "manager",
        "Date": "65456-05-05"
    },
    {
        "name": "hasan",
        "lnam": "mehedi",
        "coname": "hu NAMERW",
        "contact": "01478523669",
        "nid": "151462348451515",
        "email": "abcd@gmail.com",
        "password": "412587",
        "position": "manager",
        "Date": "0825-05-06"
    },
    {
        "name": "John1",
        "lnam": "hasan",
        "coname": "JK Farm",
        "contact": "01478526854",
        "nid": "151462348451515",
        "email": "abcd@gmail.com",
        "password": "845252",
        "position": "web developer",
        "Date": "0055-06-26"
    },
    {
        "name": "mehedi",
        "lnam": "Doeee",
        "coname": "JK Farm",
        "contact": "0147852601405",
        "nid": "151462398120",
        "email": "er@gmail.com",
        "password": "56595262",
        "position": "manager",
        "Date": "0022-06-06"
    },
    {
        "name": "John",
        "lnam": "hasan",
        "coname": "JK Farm",
        "contact": "01718269866",
        "nid": "365474848564",
        "email": "er@gmail.com",
        "password": "556212651",
        "position": "manager",
        "Date": "0062-03-06"
    },
    {
        "name": "koool",
        "lnam": "jool",
        "coname": "ghty",
        "contact": "89461649495",
        "nid": "58756166148",
        "email": "fg@gmail.com",
        "password": "456123",
        "position": "manager",
        "Date": "0065-05-22"
    },
    {
        "name": "lolo",
        "lnam": "hasem",
        "coname": "SK tour",
        "contact": "54268977556",
        "nid": "545635287459",
        "email": "gh@gmail.com",
        "password": "5412369",
        "position": "manager",
        "Date": "1561-02-05"
    },
    {
        "name": "lolo",
        "lnam": "hasem",
        "coname": "SK tour",
        "contact": "54268977556",
        "nid": "545635287459",
        "email": "gh@gmail.com",
        "password": "5412369",
        "position": "manager",
        "Date": "1561-02-05"
    },
    {
        "name": "bvc ",
        "lnam": "Doe",
        "coname": "JK Farm",
        "contact": "6863436333536",
        "nid": "151462348451515",
        "email": "abc@gmail.com",
        "password": "638636535",
        "position": "manager",
        "Date": "5465-04-06"
    },
    {
        "name": "gool",
        "lnam": "hasan",
        "coname": "SK tour",
        "contact": "01718269866",
        "nid": "151462348451515",
        "email": "er@gmail.com",
        "password": "526398",
        "position": "manager",
        "Date": "0556-05-04"
    },
    {
        "name": "ret",
        "lnam": "Doeeee",
        "coname": "JK ee",
        "contact": "4564164654561",
        "nid": "654485661655",
        "email": "abcd@gmail.com",
        "password": "54654165",
        "position": "manager",
        "Date": "5456-05-06"
    },
    {
        "name": "ret",
        "lnam": "Doeeee",
        "coname": "JK ee",
        "contact": "4564164654561",
        "nid": "654485661655",
        "email": "abcd@gmail.com",
        "password": "54654165",
        "position": "manager",
        "Date": "5456-05-06"
    },
    {
        "name": "dfsdfd",
        "lnam": "Doe",
        "coname": "RK Group",
        "contact": "551325444544",
        "nid": "46416541646",
        "email": "abcd@gmail.com",
        "password": "1516554565",
        "position": "manager",
        "Date": "0056-05-11"
    },
    {
        "name": "dasde",
        "lnam": "bfbfbfd",
        "coname": "RK Group",
        "contact": "55132848489",
        "nid": "545635215556",
        "email": "ab@gmail.com",
        "password": "5544891",
        "position": "Other",
        "Date": "0045-12-06"
    },
    {
        "name": "usdsds",
        "lnam": "ddhsubdsbuds",
        "coname": "uhdff",
        "contact": "5614484894611",
        "nid": "566154644165",
        "email": "tr@gmail.com",
        "password": "56444",
        "position": "manager",
        "Date": "5651-05-15"
    },
    {
        "name": "usdsds",
        "lnam": "ddhsubdsbuds",
        "coname": "uhdff",
        "contact": "5614484894611",
        "nid": "566154644165",
        "email": "tr@gmail.com",
        "password": "56444",
        "position": "manager",
        "Date": "5651-05-15"
    },
    {
        "name": "usdsds",
        "lnam": "ddhsubdsbuds",
        "coname": "uhdff",
        "contact": "5614484894611",
        "nid": "566154644165",
        "email": "tr@gmail.com",
        "password": "56444",
        "position": "manager",
        "Date": "5651-05-15"
    },
    {
        "name": "scscs",
        "lnam": "csdsdvds",
        "coname": "sdvdsvd",
        "contact": "665562265665",
        "nid": "534534535353",
        "email": "z@gmail.com",
        "password": "48465",
        "position": "web developer",
        "Date": "5544-05-06"
    },
    {
        "name": "tye",
        "lnam": "gtrge",
        "coname": "daodaidvfdvfd",
        "contact": "5489484844415",
        "nid": "489498456236",
        "email": "a@gmail.com",
        "password": "56114",
        "position": "web developer",
        "Date": "8444-12-04"
    },
    {
        "name": "kjas",
        "lnam": "kjs",
        "coname": "fsdfss",
        "contact": "0152521582511",
        "nid": "85214796353",
        "email": "sd@gmail.com",
        "password": "4563217",
        "position": "manager",
        "Date": "0044-05-05"
    },
    {
        "name": "kjas",
        "lnam": "kjs",
        "coname": "fsdfss",
        "contact": "0152521582511",
        "nid": "85214796353",
        "email": "sd@gmail.com",
        "password": "4563217",
        "position": "manager",
        "Date": "0044-05-05"
    },
    {
        "name": "mehedi",
        "lnam": "hasan",
        "coname": "lo you",
        "contact": "231450698705",
        "nid": "54123698745",
        "email": "ab@gmail.com",
        "password": "123456",
        "position": "manager",
        "Date": "0545-05-06"
    },
    {
        "name": "jakob",
        "lnam": "ioji",
        "coname": "dsfd",
        "contact": "48482165156",
        "nid": "8949489498494",
        "email": "abcd@gmail.com",
        "password": "45494984",
        "position": "manager",
        "Date": "89489-05-04"
    },
    {
        "name": "koole",
        "lnam": "frew",
        "coname": "SK tour",
        "contact": "48949845668",
        "nid": "15146234886210",
        "email": "er@gmail.com",
        "password": "456321",
        "position": "web developer",
        "Date": "0048-08-04"
    },
    {
        "name": "koole",
        "lnam": "frew",
        "coname": "SK tour",
        "contact": "48949845668",
        "nid": "15146234886210",
        "email": "er@gmail.com",
        "password": "456321",
        "position": "web developer",
        "Date": "0048-08-04"
    },
    {
        "name": "koole",
        "lnam": "frew",
        "coname": "SK tour",
        "contact": "48949845668",
        "nid": "15146234886210",
        "email": "er@gmail.com",
        "password": "456321",
        "position": "web developer",
        "Date": "0048-08-04"
    },
    {
        "name": "John",
        "lnam": "Doe",
        "coname": "JK Farm",
        "contact": "55132848444",
        "nid": "36547484856458",
        "email": "er@gmail.com",
        "password": "4563217",
        "position": "manager",
        "Date": "8484-04-04"
    }
]