[
    {
        "FirstName": "Shamit",
        "LastName": "Nibras",
        "contact": "01711318734",
        "nid": "8263907480",
        "email": "shamitnibras@gmail.com",
        "password": "Na2b1ra5s",
        "gender": "Male",
        "Address": "Holding; 08, Block: L, Road: 12"
    },
    {
        "FirstName": "Shamit",
        "LastName": "Nibras",
        "contact": "01711318734",
        "nid": "8263907480",
        "email": "shamitnibras@gmail.com",
        "password": "Na2b1ra5s",
        "gender": "Male",
        "Address": "Holding; 08, Block: L, Road: 12"
    },
    {
        "FirstName": "Shamit",
        "LastName": "Nibras",
        "contact": "01711318734",
        "nid": "8263907480",
        "email": "shamitnibras@gmail.com",
        "password": "Na2b1ra5s",
        "gender": "Male",
        "Address": "Holding; 08, Block: L, Road: 12"
    },
    {
        "FirstName": "Shamit",
        "LastName": "Nibras",
        "contact": "01711318734",
        "nid": "8263907480",
        "email": "shamitnibras@gmail.com",
        "password": "Na2b1ra5s",
        "gender": "Male",
        "Address": "Rampura"
    }
]